subjid	efficacy	safety	toxicity	composite
26	0.0	3.0	3.25	-92.5
894	0.0	3.0	3.0	-90.0
699	0.0	1.0	6.333333333333333	-83.33333333333333
598	0.0	1.7777777777777777	4.333333333333333	-78.88888888888889
522	0.25	3.25	3.0	-77.5
503	0.3333333333333333	3.6666666666666665	2.3333333333333335	-73.33333333333334
141	0.0	2.0	3.0	-70.0
104	0.0	1.5	3.5	-65.0
38	0.0	1.5	3.0	-60.0
805	0.0	1.5	3.0	-60.0
810	0.6000000000000001	4.0	2.0	-57.99999999999999
846	0.2	1.4	3.6	-50.0
873	0.0	1.5	2.0	-50.0
824	0.0	0.3333333333333333	3.6666666666666665	-43.33333333333333
383	0.0	0.5	3.0	-40.0
401	0.0	0.5	3.0	-40.0
925	0.25	1.25	3.25	-40.0
246	0.25	0.75	4.25	-40.0
308	0.0	0.25	3.25	-37.5
497	0.0	1.6666666666666667	0.3333333333333333	-36.66666666666667
945	0.0	0.3333333333333333	3.0	-36.666666666666664
616	0.0	0.5	2.5	-35.0
52	0.0	1.0	1.5	-35.0
340	0.0	1.5	0.5	-35.0
392	0.0	0.14285714285714285	3.0	-32.857142857142854
885	0.25	0.0	5.0	-32.5
872	0.0	0.0	3.25	-32.5
594	0.0	1.0	1.2	-32.0
811	0.25	0.75	3.25	-30.0
841	0.3333333333333333	0.6666666666666666	4.0	-30.0
335	0.0	0.0	3.0	-30.0
572	0.0	0.0	3.0	-30.0
139	0.3333333333333333	0.6666666666666666	3.6666666666666665	-26.666666666666664
712	0.0	0.3333333333333333	2.0	-26.666666666666664
378	0.0	1.0	0.6666666666666666	-26.666666666666664
280	0.0	0.0	2.6666666666666665	-26.666666666666664
921	0.2	0.8	2.4	-26.0
620	0.0	0.4444444444444444	1.6666666666666667	-25.555555555555557
803	0.0	0.0	2.5	-25.0
472	0.0	1.0	0.5	-25.0
556	0.0	0.8333333333333334	0.8333333333333334	-25.0
648	0.0	0.3333333333333333	1.6666666666666667	-23.333333333333336
394	0.0	0.5833333333333334	1.0833333333333333	-22.5
599	0.0	0.5	1.1666666666666667	-21.666666666666668
664	0.3333333333333333	2.111111111111111	0.1111111111111111	-20.0
492	0.0	0.0	2.0	-20.0
989	0.0	0.3333333333333333	1.3333333333333333	-20.0
278	0.0	0.0	2.0	-20.0
639	0.3333333333333333	0.6666666666666666	3.0	-20.0
321	0.3333333333333333	0.0	4.333333333333333	-19.999999999999996
540	0.3333333333333333	0.0	4.333333333333333	-19.999999999999996
438	0.0	0.0	1.8	-18.0
379	0.1111111111111111	0.4444444444444444	1.6666666666666667	-17.77777777777778
408	1.2000000000000002	2.8	4.5	-16.999999999999986
250	0.3333333333333333	0.3333333333333333	3.3333333333333335	-16.66666666666667
982	0.0	0.0	1.6666666666666667	-16.666666666666668
3	0.0	0.3333333333333333	1.0	-16.666666666666664
13	0.0	0.5	0.6666666666666666	-16.666666666666664
511	0.0	0.0	1.5	-15.0
6	0.0	0.0	1.5	-15.0
366	0.25	1.0	1.25	-15.0
715	0.0	0.3333333333333333	0.8333333333333334	-15.0
80	0.0	0.0	1.3333333333333333	-13.333333333333332
966	0.6666666666666666	2.6666666666666665	0.6666666666666666	-13.33333333333333
890	0.0	0.5	0.25	-12.5
375	0.0	0.0	1.2222222222222223	-12.222222222222223
434	0.0	0.06666666666666667	1.0666666666666667	-12.0
722	0.0	0.16666666666666666	0.8333333333333334	-11.666666666666668
110	0.0	0.0	1.1666666666666667	-11.666666666666668
213	0.0	0.5	0.16666666666666666	-11.666666666666666
259	0.7777777777777777	1.3333333333333333	3.888888888888889	-11.111111111111114
609	0.0	0.08333333333333333	0.9166666666666666	-10.833333333333332
360	0.3333333333333333	1.0	1.3333333333333333	-10.0
783	0.0	0.0	1.0	-10.0
769	0.0	0.0	1.0	-10.0
765	0.0	0.0	1.0	-10.0
346	0.3333333333333333	0.3333333333333333	2.6666666666666665	-10.0
18	0.0	0.0	1.0	-10.0
932	0.6666666666666666	2.6666666666666665	0.3333333333333333	-9.999999999999996
439	0.0	0.0	0.8888888888888888	-8.88888888888889
198	0.3333333333333333	0.3333333333333333	2.5	-8.333333333333336
111	0.0	0.0	0.8333333333333334	-8.333333333333334
190	0.0	0.16666666666666666	0.5	-8.333333333333332
441	0.0	0.3333333333333333	0.16666666666666666	-8.333333333333332
144	0.2	0.2	1.8	-8.0
205	0.0	0.0	0.6666666666666666	-6.666666666666666
958	0.0	0.0	0.6666666666666666	-6.666666666666666
657	0.0	0.0	0.6666666666666666	-6.666666666666666
781	0.0	0.0	0.6666666666666666	-6.666666666666666
128	0.0	0.0	0.6666666666666666	-6.666666666666666
43	0.4	1.2	1.0	-6.0
750	0.25	0.5833333333333334	1.1666666666666667	-5.833333333333336
63	0.25	0.5833333333333334	1.1666666666666667	-5.833333333333336
413	0.42857142857142855	1.2857142857142858	1.0	-5.714285714285715
254	0.0	0.0	0.5	-5.0
281	0.0	0.0	0.5	-5.0
662	0.0	0.0	0.5	-5.0
665	0.25	0.75	0.75	-5.0
909	0.0	0.0	0.5	-5.0
94	0.0	0.16666666666666666	0.16666666666666666	-5.0
891	0.0	0.0	0.5	-5.0
365	0.42857142857142855	0.14285714285714285	3.142857142857143	-4.285714285714285
828	0.0	0.08333333333333333	0.25	-4.166666666666666
107	0.0	0.0	0.3333333333333333	-3.333333333333333
452	0.0	0.0	0.3333333333333333	-3.333333333333333
170	0.3333333333333333	0.0	2.6666666666666665	-3.333333333333332
384	0.3333333333333333	0.0	2.6666666666666665	-3.333333333333332
534	0.0	0.0	0.2222222222222222	-2.2222222222222223
920	0.0	0.0	0.2222222222222222	-2.2222222222222223
493	0.0	0.0	0.16666666666666666	-1.6666666666666665
348	0.3333333333333333	0.0	2.3333333333333335	-3.552713678800501E-15
749	0.25	0.25	1.0	2.5
727	0.8571428571428571	0.8571428571428571	4.0	2.857142857142861
201	0.3333333333333333	0.3333333333333333	1.3333333333333333	3.333333333333332
944	0.3333333333333333	0.3333333333333333	1.3333333333333333	3.333333333333332
124	0.16666666666666666	0.3333333333333333	0.16666666666666666	3.3333333333333335
825	0.5	1.0833333333333333	1.0	3.3333333333333357
498	0.6666666666666666	0.8333333333333334	2.5	4.9999999999999964
138	0.5	1.25	0.5	5.0
936	1.0	3.0	0.5	5.0
677	0.75	0.75	3.25	5.0
180	0.75	0.0	4.75	5.0
915	0.4	0.6666666666666666	0.9333333333333333	5.333333333333334
62	0.4	0.0	2.2	6.0
200	0.8	1.8	1.4	6.0
295	0.2	0.2	0.4	6.0
320	0.6000000000000001	0.6	2.4	6.000000000000007
298	0.3333333333333333	0.6666666666666666	0.3333333333333333	6.666666666666667
150	0.3333333333333333	0.3333333333333333	0.9444444444444444	7.22222222222222
837	0.375	0.875	0.125	7.5
134	0.3333333333333333	0.3333333333333333	0.8888888888888888	7.777777777777775
285	0.8333333333333333	1.1666666666666667	2.6666666666666665	8.333333333333329
326	0.8333333333333333	2.4166666666666665	0.16666666666666666	8.333333333333334
478	0.4	0.26666666666666666	1.4	8.666666666666668
630	0.5	0.6666666666666666	1.1666666666666667	10.0
73	0.3333333333333333	0.0	1.3333333333333333	10.0
515	0.5	0.0	2.5	10.0
843	0.5	1.0	0.5	10.0
568	0.5	1.1666666666666667	0.08333333333333333	10.83333333333333
795	0.3333333333333333	0.3333333333333333	0.5555555555555556	11.111111111111109
167	1.0	2.888888888888889	0.1111111111111111	11.11111111111111
279	1.8571428571428572	3.7142857142857144	4.428571428571429	11.428571428571416
210	0.5	0.6666666666666666	1.0	11.666666666666668
892	0.7142857142857143	0.0	3.7142857142857144	12.857142857142854
906	0.6666666666666666	0.0	3.3333333333333335	13.333333333333329
523	0.3333333333333333	0.3333333333333333	0.3333333333333333	13.333333333333332
264	0.4	0.3333333333333333	0.7333333333333333	14.000000000000004
606	0.3333333333333333	0.0	0.8888888888888888	14.444444444444443
899	0.5555555555555556	0.7777777777777778	0.8888888888888888	14.444444444444446
742	0.5	0.8333333333333334	0.3333333333333333	15.0
941	0.25	0.0	0.25	15.0
341	0.5	0.6666666666666666	0.6666666666666666	15.000000000000002
85	0.4	0.3333333333333333	0.6	15.333333333333336
35	0.3333333333333333	0.1111111111111111	0.5555555555555556	15.555555555555555
647	1.1111111111111112	1.7777777777777777	2.6666666666666665	15.555555555555564
536	0.4	0.0	1.2	16.0
223	0.6666666666666666	0.0	3.0	16.666666666666664
79	0.3333333333333333	0.0	0.6666666666666666	16.666666666666664
508	0.5714285714285714	0.2857142857142857	1.7142857142857142	17.142857142857142
771	0.4	0.13333333333333333	0.8	17.333333333333332
631	0.41666666666666663	0.4166666666666667	0.25	18.33333333333333
165	0.5	0.16666666666666666	1.3333333333333333	18.333333333333336
461	0.5	0.16666666666666666	1.3333333333333333	18.333333333333336
588	0.5	0.08333333333333333	1.4166666666666667	19.166666666666668
297	0.4	0.4	0.06666666666666667	19.333333333333332
301	0.3333333333333333	0.0	0.3333333333333333	20.0
155	0.3333333333333333	0.1111111111111111	0.1111111111111111	20.0
980	0.6	1.0	0.2	20.0
1	0.5	0.0	1.5	20.0
922	0.5714285714285714	0.3333333333333333	1.2857142857142858	20.476190476190478
293	0.6666666666666666	0.7777777777777778	1.0	21.111111111111107
89	0.33333333333333337	0.0	0.2	21.333333333333336
833	0.5	0.0	1.3333333333333333	21.666666666666668
482	0.6666666666666666	0.3333333333333333	1.8333333333333333	21.666666666666668
490	0.5	0.3333333333333333	0.6666666666666666	21.66666666666667
443	0.6	0.0	2.0	22.0
451	0.5555555555555556	0.3333333333333333	1.0	22.22222222222223
101	0.6666666666666666	1.0833333333333333	0.25	22.5
235	0.5	0.4166666666666667	0.3333333333333333	23.333333333333332
457	0.5	0.0	1.1666666666666667	23.333333333333332
763	0.5	0.16666666666666666	0.8333333333333334	23.333333333333336
232	0.5	0.08333333333333333	1.0	23.333333333333336
563	0.75	0.9166666666666666	1.0833333333333333	23.33333333333334
688	0.5333333333333333	0.3333333333333333	0.6666666666666666	24.000000000000007
757	1.3333333333333333	2.0	2.888888888888889	24.44444444444444
496	0.8888888888888888	0.1111111111111111	3.5555555555555554	24.444444444444443
435	0.5555555555555556	0.2222222222222222	1.0	24.44444444444445
349	0.5	0.0	1.0	25.0
576	0.5	0.16666666666666666	0.6666666666666666	25.0
984	0.5	0.0	1.0	25.0
979	0.5	0.25	0.5	25.0
159	0.6666666666666666	0.16666666666666666	1.6666666666666667	26.66666666666666
829	0.6666666666666666	0.4444444444444444	1.1111111111111112	26.66666666666666
672	0.5	0.16666666666666666	0.5	26.666666666666668
549	0.75	0.0	2.5	27.5
64	0.5	0.0	0.75	27.5
376	0.6666666666666666	0.2222222222222222	1.3333333333333333	28.88888888888889
193	0.5	0.0	0.5833333333333334	29.166666666666664
853	0.5	0.0	0.5	30.0
601	0.5	0.08333333333333333	0.3333333333333333	30.000000000000004
93	1.1111111111111112	1.4444444444444444	1.8888888888888888	30.00000000000001
895	0.5	0.0	0.4166666666666667	30.833333333333332
470	0.5	0.0	0.3333333333333333	31.666666666666668
184	0.5	0.0	0.3333333333333333	31.666666666666668
987	0.5555555555555556	0.2222222222222222	0.2222222222222222	32.22222222222223
721	0.48	0.0	0.04	33.2
834	0.6666666666666666	0.1111111111111111	1.1111111111111112	33.33333333333333
793	0.6666666666666666	0.2222222222222222	0.8888888888888888	33.33333333333333
431	0.5	0.0	0.16666666666666666	33.333333333333336
618	0.5	0.0	0.16666666666666666	33.333333333333336
78	0.5	0.0	0.16666666666666666	33.333333333333336
236	0.5	0.0	0.13333333333333333	33.666666666666664
271	0.75	0.8333333333333334	0.16666666666666666	34.166666666666664
181	0.8181818181818182	0.7272727272727273	0.8181818181818182	34.54545454545455
166	0.6666666666666666	0.08333333333333333	1.0	35.0
681	1.0	0.0	3.5	35.0
935	1.1818181818181819	1.3636363636363635	2.0	35.45454545454547
794	0.6666666666666666	0.2222222222222222	0.6666666666666666	35.55555555555556
801	0.6666666666666666	0.2222222222222222	0.6666666666666666	35.55555555555556
785	0.5555555555555556	0.0	0.3333333333333333	35.55555555555556
539	1.4	3.0	0.2	36.0
533	0.6666666666666666	0.0	1.0	36.666666666666664
51	0.5333333333333333	0.0	0.06666666666666667	36.66666666666667
812	0.6666666666666666	0.0	0.8888888888888888	37.77777777777777
973	0.6111111111111112	0.0	0.5	37.77777777777778
4	0.6666666666666666	0.0	0.8333333333333334	38.33333333333333
954	0.6666666666666666	0.0	0.7777777777777778	38.888888888888886
312	0.75	0.16666666666666666	1.0	39.166666666666664
363	0.7272727272727273	0.09090909090909091	0.9090909090909091	40.0
471	1.0	0.0	3.0	40.0
547	0.75	0.5	0.25	40.0
931	1.5	1.8333333333333333	2.8333333333333335	40.00000000000001
815	0.6666666666666666	0.0	0.5555555555555556	41.11111111111111
589	0.6296296296296295	0.07407407407407407	0.14814814814814814	41.11111111111111
160	0.6	0.0	0.06666666666666667	41.333333333333336
976	0.75	0.3333333333333333	0.4166666666666667	41.66666666666667
440	0.8	0.6	0.2	42.0
10	0.6666666666666666	0.0	0.4444444444444444	42.22222222222222
524	0.6666666666666666	0.1111111111111111	0.2222222222222222	42.22222222222222
342	0.8888888888888888	0.0	2.0	42.22222222222222
964	1.1111111111111112	1.5555555555555556	0.4444444444444444	42.22222222222223
907	1.5	1.25	3.75	42.5
930	0.6666666666666666	0.0	0.3333333333333333	43.33333333333333
789	0.6666666666666666	0.0	0.3333333333333333	43.33333333333333
148	0.6666666666666666	0.0	0.3333333333333333	43.33333333333333
132	0.75	0.25	0.4166666666666667	43.333333333333336
950	0.8	0.0	1.2666666666666666	43.333333333333336
406	0.8333333333333334	0.1111111111111111	1.2222222222222223	43.88888888888889
832	0.8	0.3333333333333333	0.4666666666666667	44.66666666666667
22	0.6666666666666666	0.0	0.16666666666666666	45.0
149	1.5	2.0	2.0	45.0
736	0.6666666666666666	0.0	0.1111111111111111	45.55555555555555
50	0.8571428571428571	0.5714285714285714	0.2857142857142857	45.714285714285715
800	0.75	0.16666666666666666	0.3333333333333333	45.83333333333333
97	0.8333333333333334	0.5555555555555556	0.05555555555555555	46.66666666666667
229	1.0	1.0	0.25	47.5
121	0.8333333333333333	0.0	1.0833333333333333	47.5
814	0.8	0.0	0.8	48.0
701	1.2000000000000002	1.6	0.4	48.000000000000014
998	1.0	0.7142857142857143	0.7142857142857143	48.57142857142857
525	0.75	0.125	0.125	48.75
685	0.75	0.0	0.375	48.75
714	0.75	0.0	0.25	50.0
684	1.2352941176470589	1.411764705882353	0.8235294117647058	50.0
955	1.2000000000000002	0.6	2.2	50.000000000000014
527	0.9090909090909091	0.5454545454545454	0.18181818181818182	50.90909090909091
695	0.8571428571428571	0.42857142857142855	0.047619047619047616	50.952380952380956
179	0.9166666666666666	0.0	1.25	51.66666666666666
585	1.0	0.4166666666666667	1.0	51.666666666666664
480	1.5	1.25	2.75	52.5
883	1.1666666666666665	0.0	2.8333333333333335	53.33333333333332
21	0.7777777777777777	0.0	0.037037037037037035	54.07407407407406
951	0.8461538461538461	0.0	0.46153846153846156	54.61538461538462
548	1.1666666666666665	0.3333333333333333	2.0	54.999999999999986
734	0.8333333333333333	0.0	0.2222222222222222	56.11111111111111
269	1.6666666666666665	2.5	1.0	56.66666666666666
114	1.1666666666666665	1.1666666666666667	0.16666666666666666	56.66666666666666
798	1.0	0.0	1.2222222222222223	57.77777777777778
302	1.2857142857142856	0.14285714285714285	2.857142857142857	58.571428571428555
225	1.5	1.0	2.5	60.0
804	1.5833333333333335	1.0	3.0	60.83333333333334
943	0.8888888888888888	0.0	0.1111111111111111	61.11111111111111
675	1.2000000000000002	0.0	2.2	62.000000000000014
185	1.75	1.5	3.0	62.5
900	1.4	0.0	3.4	64.0
221	1.125	0.0	1.4583333333333333	64.16666666666667
792	1.0	0.0	0.5714285714285714	64.28571428571429
197	2.25	1.0	7.25	65.0
49	0.9444444444444444	0.0	0.018518518518518517	65.92592592592592
412	1.4	0.0	3.2	66.0
47	1.3333333333333333	0.0	2.6666666666666665	66.66666666666666
933	1.0	0.1111111111111111	0.1111111111111111	66.66666666666666
506	1.0	0.0	0.3333333333333333	66.66666666666667
458	1.5	1.0	1.8333333333333333	66.66666666666667
337	1.75	2.5	0.5	67.5
309	1.1666666666666665	0.16666666666666666	1.0	68.33333333333333
902	1.4285714285714284	0.2857142857142857	2.5714285714285716	68.57142857142856
797	1.4	1.2	0.4	70.0
411	1.5	0.0	3.5	70.0
277	1.5	1.25	1.0	70.0
102	1.5	1.5	0.5	70.0
912	1.5	1.0833333333333333	1.3333333333333333	70.00000000000001
733	1.2000000000000002	0.0	1.3	71.00000000000001
820	1.2857142857142856	0.0	1.8571428571428572	71.42857142857142
878	1.1666666666666665	0.0	1.0	71.66666666666666
27	1.1666666666666665	0.16666666666666666	0.6666666666666666	71.66666666666666
315	1.5	1.0	1.3333333333333333	71.66666666666667
993	1.6666666666666667	0.3333333333333333	3.7777777777777777	72.22222222222223
163	1.25	0.08333333333333333	1.25	73.33333333333333
847	1.2000000000000002	0.0	1.0	74.00000000000001
779	1.5	0.8333333333333334	1.3333333333333333	75.0
16	1.3333333333333335	0.0	1.75	75.83333333333334
211	1.7999999999999998	0.6	3.8	75.99999999999999
703	1.2000000000000002	0.2	0.4	76.00000000000001
595	1.5	1.0	0.75	77.5
399	1.5	0.0	2.75	77.5
466	1.6666666666666665	0.16666666666666666	3.5	78.33333333333333
755	1.25	0.08333333333333333	0.7083333333333334	78.75
9	1.3333333333333333	0.6666666666666666	0.047619047619047616	79.52380952380952
638	1.2857142857142856	0.0	1.0	79.99999999999999
368	1.1666666666666665	0.0	0.1111111111111111	80.55555555555554
735	1.1666666666666665	0.0	0.05555555555555555	81.1111111111111
802	1.2000000000000002	0.0	0.13333333333333333	82.66666666666669
391	1.7142857142857142	1.0	1.7142857142857142	82.85714285714286
417	1.5	1.0	0.16666666666666666	83.33333333333333
694	1.4	0.4	0.6	84.0
322	1.3333333333333333	0.1111111111111111	0.6666666666666666	84.44444444444443
752	1.4444444444444444	0.3888888888888889	0.8333333333333334	85.00000000000001
469	1.4444444444444444	0.3333333333333333	0.8888888888888888	85.55555555555556
237	1.5833333333333335	0.8333333333333334	0.8333333333333334	85.83333333333334
627	1.7999999999999998	1.0	2.0	85.99999999999999
501	1.4	0.3333333333333333	0.4666666666666667	86.66666666666666
404	1.4	0.0	1.0	88.0
432	1.3333333333333333	0.19047619047619047	0.09523809523809523	88.57142857142857
117	1.3333333333333333	0.0	0.3333333333333333	90.0
591	1.5	0.5	0.5	90.0
713	1.7142857142857142	1.1428571428571428	0.7142857142857143	90.0
924	2.0	0.3333333333333333	4.333333333333333	90.00000000000001
495	1.5	0.6666666666666666	0.08333333333333333	90.83333333333334
74	1.7142857142857142	0.0	2.857142857142857	91.42857142857143
381	1.5	0.5	0.25	92.5
1000	2.0	1.625	1.5	92.5
57	1.5	0.0	1.25	92.5
778	1.5	0.16666666666666666	0.8333333333333334	93.33333333333334
640	1.5	0.05555555555555555	0.9444444444444444	94.44444444444444
835	1.4285714285714284	0.0	0.42857142857142855	95.7142857142857
573	1.7999999999999998	1.4	0.2	95.99999999999999
875	1.5	0.25	0.25	97.5
552	1.4285714285714284	0.047619047619047616	0.14285714285714285	97.6190476190476
608	1.5	0.0	0.7222222222222222	97.77777777777777
673	1.5	0.16666666666666666	0.3333333333333333	98.33333333333334
427	1.5	0.2777777777777778	0.05555555555555555	98.88888888888889
586	1.5	0.0	0.5	100.0
741	1.5333333333333332	0.13333333333333333	0.4	100.66666666666666
818	1.5	0.0	0.4166666666666667	100.83333333333333
708	1.5	0.1111111111111111	0.16666666666666666	101.1111111111111
604	1.6666666666666665	0.16666666666666666	1.1666666666666667	101.66666666666666
168	1.4761904761904763	0.0	0.09523809523809523	102.3809523809524
276	1.7142857142857142	0.0	1.7142857142857142	102.85714285714286
192	2.0	0.0	3.6666666666666665	103.33333333333334
474	1.5555555555555554	0.1111111111111111	0.16666666666666666	104.99999999999997
939	1.5555555555555554	0.05555555555555555	0.1111111111111111	106.66666666666664
940	1.5555555555555554	0.0	0.2222222222222222	106.66666666666664
517	1.7142857142857142	0.6190476190476191	0.047619047619047616	107.14285714285714
454	1.6666666666666665	0.4444444444444444	0.05555555555555555	107.22222222222221
674	1.75	0.16666666666666666	1.1666666666666667	107.5
597	1.6296296296296295	0.037037037037037035	0.5555555555555556	107.77777777777776
468	1.6	0.0	0.4	108.0
359	2.0	0.3333333333333333	2.4444444444444446	108.8888888888889
592	1.7999999999999998	0.2	1.2	109.99999999999999
623	2.25	2.25	0.25	110.0
842	1.6666666666666667	0.1111111111111111	0.4444444444444444	110.0
512	2.0	0.5	2.0	110.0
261	1.7142857142857142	0.14285714285714285	0.7142857142857143	110.0
859	2.5294117647058822	1.4705882352941178	3.7058823529411766	110.58823529411765
39	1.6666666666666665	0.26666666666666666	0.06666666666666667	110.66666666666666
283	2.25	0.5	3.5	112.5
856	1.7999999999999998	0.26666666666666666	0.8	112.66666666666666
983	1.7999999999999998	0.5333333333333333	0.2	113.33333333333331
450	2.0	0.2	2.2	114.0
514	2.0	0.0	2.6	114.0
988	1.75	0.16666666666666666	0.4166666666666667	115.0
510	2.0	0.8888888888888888	0.6666666666666666	115.55555555555556
311	2.571428571428571	2.142857142857143	2.142857142857143	115.71428571428568
307	1.8571428571428572	0.2857142857142857	0.8571428571428571	115.71428571428572
294	1.7999999999999998	0.4666666666666667	0.06666666666666667	115.99999999999999
115	1.7999999999999998	0.4666666666666667	0.06666666666666667	115.99999999999999
759	2.0	0.8333333333333334	0.7222222222222222	116.1111111111111
615	2.0	0.6666666666666666	1.0	116.66666666666667
367	2.0	0.7777777777777778	0.7777777777777778	116.66666666666667
442	1.75	0.20833333333333334	0.125	117.08333333333333
953	1.875	0.5833333333333334	0.20833333333333334	117.5
997	1.75	0.0	0.5	117.5
917	2.0	0.4444444444444444	1.3333333333333333	117.77777777777779
238	1.8333333333333335	0.3333333333333333	0.3888888888888889	117.77777777777779
65	1.7916666666666667	0.0	0.625	119.16666666666667
260	1.8888888888888888	0.05555555555555555	1.1666666666666667	119.44444444444444
310	1.8571428571428572	0.0	1.0	120.0
816	1.75	0.0	0.25	120.0
704	1.9473684210526314	0.7368421052631579	0.05263157894736842	121.05263157894736
355	2.25	1.5	0.5	122.5
557	1.7777777777777777	0.0	0.18518518518518517	122.5925925925926
161	1.7999999999999998	0.13333333333333333	0.06666666666666667	122.66666666666664
300	2.2	0.1	2.9	123.0
403	1.7999999999999998	0.0	0.26666666666666666	123.33333333333331
7	2.0	0.38095238095238093	0.9047619047619048	123.33333333333333
963	2.0	0.3333333333333333	1.0	123.33333333333334
188	1.8333333333333335	0.0	0.3888888888888889	124.44444444444446
433	2.0	0.4722222222222222	0.5833333333333334	124.72222222222221
475	2.111111111111111	0.6111111111111112	1.0555555555555556	124.99999999999999
437	1.7999999999999998	0.0	0.06666666666666667	125.33333333333331
400	2.0	0.25925925925925924	0.7777777777777778	127.03703703703704
830	2.0	0.5555555555555556	0.1111111111111111	127.77777777777777
888	2.2666666666666666	1.4666666666666666	0.06666666666666667	128.66666666666666
61	1.8571428571428572	0.0	0.09523809523809523	129.04761904761904
304	1.875	0.0	0.16666666666666666	129.58333333333334
886	2.1333333333333333	0.4666666666666667	1.0	130.0
756	1.875	0.0	0.125	130.0
362	2.055555555555556	0.1111111111111111	1.0555555555555556	131.11111111111114
603	2.4000000000000004	0.8	2.0	132.00000000000003
287	2.1666666666666665	0.2777777777777778	1.3888888888888888	132.22222222222223
977	2.5	0.375	3.5	132.5
90	1.9090909090909092	0.0	0.09090909090909091	132.72727272727275
42	2.083333333333333	0.5833333333333334	0.125	132.91666666666666
839	2.0	0.2222222222222222	0.16666666666666666	133.88888888888889
636	2.0	0.0	0.6	134.0
214	2.0	0.1111111111111111	0.3333333333333333	134.44444444444443
520	2.0	0.2222222222222222	0.1111111111111111	134.44444444444443
819	2.0	0.19444444444444445	0.05555555555555555	135.55555555555557
851	2.4000000000000004	0.0	3.2	136.00000000000003
23	2.0	0.0	0.3888888888888889	136.11111111111111
224	2.1666666666666665	0.3333333333333333	0.8333333333333334	136.66666666666666
46	2.5	0.5	2.8333333333333335	136.66666666666666
350	2.0	0.06666666666666667	0.13333333333333333	137.33333333333331
253	2.0	0.0	0.2	138.0
679	2.0	0.0	0.16666666666666666	138.33333333333334
840	2.0	0.0	0.07407407407407407	139.25925925925927
173	2.0	0.0	0.06666666666666667	139.33333333333334
671	2.25	0.0	1.75	140.0
580	2.1999999999999997	0.4666666666666667	0.4	140.66666666666663
15	2.1666666666666665	0.4444444444444444	0.05555555555555555	142.22222222222223
151	2.25	0.20833333333333334	0.9583333333333334	143.75
799	2.125	0.16666666666666666	0.125	144.16666666666666
227	2.857142857142857	1.8571428571428572	1.8571428571428572	144.28571428571428
176	2.4545454545454546	1.2727272727272727	0.18181818181818182	144.54545454545456
444	2.0999999999999996	0.0	0.03333333333333333	146.66666666666663
45	2.1666666666666665	0.16666666666666666	0.16666666666666666	146.66666666666666
981	2.25	0.08333333333333333	0.9166666666666666	146.66666666666669
754	2.142857142857143	0.047619047619047616	0.047619047619047616	148.57142857142856
884	2.25	0.25	0.3333333333333333	149.16666666666666
869	2.357142857142857	0.42857142857142855	0.7142857142857143	149.28571428571428
730	2.142857142857143	0.0	0.047619047619047616	149.52380952380952
216	2.2666666666666666	0.0	0.8	150.66666666666666
31	2.3333333333333335	0.3333333333333333	0.5666666666666667	151.00000000000003
962	2.3333333333333335	0.2962962962962963	0.6296296296296297	151.11111111111111
81	2.4000000000000004	0.2	1.2666666666666666	151.33333333333337
555	2.2857142857142856	0.14285714285714285	0.5714285714285714	151.42857142857142
658	2.2857142857142856	0.3333333333333333	0.14285714285714285	151.90476190476193
371	2.2666666666666666	0.2	0.2	152.66666666666666
538	2.4000000000000004	0.2	1.1333333333333333	152.66666666666669
916	2.571428571428571	0.0	2.7142857142857144	152.85714285714283
252	2.2857142857142856	0.14285714285714285	0.42857142857142855	152.85714285714286
54	2.5	0.16666666666666666	1.75	154.16666666666666
710	2.25	0.08333333333333333	0.16666666666666666	154.16666666666669
324	2.3333333333333335	0.18518518518518517	0.4444444444444444	155.1851851851852
682	2.25	0.041666666666666664	0.125	155.41666666666666
199	2.4000000000000004	0.0	1.2	156.00000000000003
129	2.25	0.0	0.08333333333333333	156.66666666666666
844	2.3846153846153846	0.0	1.0	156.92307692307693
775	2.25	0.0	0.041666666666666664	157.08333333333334
612	2.4000000000000004	0.13333333333333333	0.7333333333333333	158.00000000000003
929	2.4000000000000004	0.0	0.9333333333333333	158.66666666666669
172	2.625	0.125	2.25	158.75
743	2.375	0.0	0.7083333333333334	159.16666666666666
499	2.388888888888889	0.2222222222222222	0.3333333333333333	159.44444444444443
729	2.625	0.625	1.1666666666666667	159.58333333333334
343	2.3333333333333335	0.1111111111111111	0.14814814814814814	159.62962962962962
711	2.571428571428571	0.2857142857142857	1.4285714285714286	159.99999999999997
659	2.5	0.0	1.5	160.0
33	2.4000000000000004	0.0	0.7333333333333333	160.66666666666669
807	2.3333333333333335	0.0	0.2222222222222222	161.11111111111111
605	2.571428571428571	0.14285714285714285	1.5714285714285714	161.4285714285714
796	2.625	0.4166666666666667	1.25	162.91666666666666
424	2.5	0.4166666666666667	0.375	162.91666666666666
206	2.3333333333333335	0.0	0.037037037037037035	162.96296296296296
352	2.5	0.4166666666666667	0.3333333333333333	163.33333333333331
634	2.5	0.25	0.6388888888888888	163.61111111111111
241	2.5454545454545454	0.18181818181818182	0.9090909090909091	165.45454545454547
5	2.6666666666666665	0.0	2.111111111111111	165.55555555555554
683	2.625	0.125	1.4583333333333333	166.66666666666666
566	2.666666666666667	0.8666666666666667	0.2	167.33333333333334
725	2.571428571428571	0.3333333333333333	0.47619047619047616	168.57142857142856
635	2.75	0.6666666666666666	1.0	169.16666666666666
219	2.5	0.0	0.2777777777777778	172.22222222222223
569	2.6	0.06666666666666667	0.8	172.66666666666666
956	3.0	0.5714285714285714	2.2857142857142856	175.71428571428572
416	2.6470588235294117	0.29411764705882354	0.23529411764705882	177.05882352941177
553	2.571428571428571	0.0	0.19047619047619047	178.09523809523807
158	2.7857142857142856	0.6428571428571429	0.21428571428571427	180.0
353	2.625	0.041666666666666664	0.041666666666666664	182.5
75	2.6875	0.020833333333333332	0.5	182.70833333333334
521	2.7	0.16666666666666666	0.1	184.66666666666666
370	3.2222222222222223	1.0	1.6666666666666667	188.8888888888889
850	2.75	0.027777777777777776	0.1111111111111111	190.83333333333334
762	2.8695652173913047	0.028985507246376812	0.7681159420289855	192.60869565217394
528	2.833333333333333	0.2222222222222222	0.06944444444444445	193.1944444444444
414	3.142857142857143	0.14285714285714285	0.2857142857142857	214.28571428571428
706	3.2222222222222223	0.0	0.14814814814814814	224.07407407407408
587	3.4117647058823533	0.23529411764705882	0.058823529411764705	233.52941176470588
460	3.5925925925925926	0.14814814814814814	0.14814814814814814	247.037037037037
425	3.7142857142857144	0.09523809523809523	0.7619047619047619	250.47619047619045
776	3.590909090909091	0.0	0.045454545454545456	250.90909090909088
667	4.235294117647059	0.35294117647058826	0.5882352941176471	283.5294117647059
593	4.266666666666667	0.0	0.4666666666666667	294.0
926	4.3076923076923075	0.02564102564102564	0.1794871794871795	299.2307692307693
436	4.410256410256411	0.0	0.3333333333333333	305.3846153846154
